Attr 0,Attr 1,Attr 2,Attr 3,Labels
Warsaw,Green,Purple,Specialist,Z
Warsaw,Green,Pink,Sergeant First Class,X
Warsaw,Green,Cyan,First Sergeant,X
Warsaw,Red,Purple,Sergeant First Class,X
Warsaw,Green,Lime,Master Sergeant,Z
New York,Red,Purple,Master Sergeant,X
Warsaw,Red,Blue,Private,Z
New York,Red,Magenta,Specialist,Z
Warsaw,Red,Red,Specialist,Y
Warsaw,Red,Orange,Private Second Class,X
Atlanta,Green,Blue,Sergeant,Z
Shanghai,Purple,Orange,Sergeant,Y
Warsaw,Red,Lavender,Staff Sergeant,Y
Warsaw,Red,Red,Sergeant First Class,Y
New York,Lavender,Blue,Staff Sergeant,Y
Warsaw,Yellow,Green,Staff Sergeant,X
Warsaw,Red,Cyan,Private,X
Shanghai,Blue,Lime,First Sergeant,Y
Warsaw,Red,Lime,Private,Y
New York,Red,Purple,Sergeant First Class,Z
Sydney,Purple,Blue,Staff Sergeant,Y
New York,Red,Purple,Sergeant,Y
Mumbai,Green,Lime,Master Sergeant,X
Mexico City,Orange,Yellow,Private Second Class,Z
Warsaw,Green,Lavender,Command Sergeant Major,Y
New York,Purple,Teal,Private Second Class,Y
Warsaw,Red,Yellow,Private Second Class,Y
New York,Blue,Pink,Master Sergeant,X
Warsaw,Yellow,Blue,Sergeant First Class,Y
Shanghai,Yellow,Purple,Private,Z
Warsaw,Red,Lavender,Corporal,X
Warsaw,Blue,Pink,First Sergeant,Y
Warsaw,Red,Blue,Private Second Class,X
Warsaw,Red,Pink,Specialist,Z
Warsaw,Green,Cyan,Master Sergeant,X
New York,Red,Cyan,Master Sergeant,Y
New York,Green,Lavender,Corporal,Y
Warsaw,Red,Red,Corporal,Y
Warsaw,Red,Teal,Staff Sergeant,X
Mumbai,Red,Pink,Master Sergeant,Z
Warsaw,Green,Cyan,Sergeant First Class,Y
Warsaw,Magenta,Orange,Specialist,X
Warsaw,Red,Yellow,Command Sergeant Major,Z
Warsaw,Red,Orange,Corporal,X
Mexico City,Red,Teal,Staff Sergeant,Y
Mexico City,Yellow,Pink,Master Sergeant,Z
Warsaw,Red,Purple,Staff Sergeant,Y
Mumbai,Green,Pink,Sergeant First Class,Y
Warsaw,Red,Lime,Private Second Class,Z
Shanghai,Red,Yellow,Staff Sergeant,X
New York,Cyan,Magenta,First Sergeant,Z
Shanghai,Orange,Blue,Specialist,X
Warsaw,Red,Lavender,Master Sergeant,X
Mumbai,Red,Purple,Staff Sergeant,Z
Warsaw,Red,Orange,Sergeant First Class,Z
Shanghai,Cyan,Red,Corporal,Z
New York,Yellow,Green,Sergeant Major,Y
Mumbai,Red,Teal,Specialist,Z
Warsaw,Purple,Cyan,Sergeant First Class,X
Shanghai,Green,Red,Sergeant First Class,Y
Warsaw,Teal,Magenta,First Sergeant,X
Warsaw,Red,Cyan,Command Sergeant Major,Y
Warsaw,Blue,Purple,Staff Sergeant,X
New York,Red,Orange,Sergeant Major,Y
Warsaw,Red,Teal,Sergeant First Class,Y
New York,Blue,Purple,Sergeant,Z
Warsaw,Green,Red,Corporal,Z
Warsaw,Green,Purple,First Sergeant,Y
Warsaw,Red,Purple,Command Sergeant Major,X
Warsaw,Green,Red,First Sergeant,X
Warsaw,Red,Lime,First Sergeant,Y
Mumbai,Red,Orange,Corporal,X
Warsaw,Red,Teal,Sergeant,Y
Mumbai,Red,Teal,Private,Z
Mumbai,Red,Orange,Sergeant First Class,X
Warsaw,Green,Lime,Sergeant Major,Z
New York,Red,Orange,Sergeant First Class,Z
Warsaw,Red,Lavender,Private First Class,X
New York,Red,Green,Specialist,X
Warsaw,Orange,Blue,Private,X
New York,Red,Purple,First Sergeant,X
Warsaw,Red,Teal,Command Sergeant Major,Z
Sydney,Green,Cyan,Sergeant Major,X
Warsaw,Red,Blue,Private First Class,Z
Shanghai,Blue,Magenta,Private First Class,Z
Shanghai,Red,Orange,Master Sergeant,Z
Warsaw,Blue,Cyan,Private Second Class,X
Warsaw,Green,Pink,Master Sergeant,Y
New York,Yellow,Lavender,Sergeant First Class,Z
Mumbai,Red,Orange,Sergeant First Class,Y
Warsaw,Red,Lime,Staff Sergeant,Y
Shanghai,Red,Lime,Sergeant First Class,Y
Warsaw,Green,Purple,Private,Y
Warsaw,Green,Teal,First Sergeant,Z
Warsaw,Red,Lime,Corporal,Z
Warsaw,Red,Pink,First Sergeant,Z
Paris,Blue,Magenta,Specialist,Y
New York,Cyan,Orange,Sergeant Major,X
New York,Green,Pink,Specialist,Y
Warsaw,Cyan,Purple,Master Sergeant,X
Warsaw,Purple,Orange,Master Sergeant,Z
Shanghai,Blue,Pink,Private First Class,X
Warsaw,Red,Purple,Master Sergeant,Z
Paris,Green,Magenta,Private,Y
Atlanta,Blue,Magenta,Specialist,Y
Shanghai,Orange,Green,Staff Sergeant,Z
Warsaw,Red,Green,Sergeant First Class,X
Mumbai,Red,Pink,Corporal,X
Shanghai,Red,Red,Private,X
Mexico City,Red,Green,First Sergeant,Y
Warsaw,Green,Orange,Sergeant,Z
New York,Green,Red,First Sergeant,Y
Mumbai,Red,Orange,Private,Y
Warsaw,Red,Lime,Private,Z
New York,Purple,Red,First Sergeant,Y
Warsaw,Blue,Purple,Sergeant,Y
Shanghai,Purple,Blue,Sergeant,Z
Mumbai,Green,Yellow,Sergeant Major,Z
Warsaw,Red,Purple,Master Sergeant,Z
Warsaw,Red,Pink,Private,X
Mumbai,Red,Purple,Master Sergeant,X
Paris,Purple,Blue,Private,Y
Warsaw,Red,Lime,Corporal,Y
Warsaw,Red,Lavender,Private First Class,Z
Mumbai,Blue,Orange,Private First Class,Z
Warsaw,Red,Cyan,Private First Class,Y
Warsaw,Red,Lavender,Staff Sergeant,Z
Warsaw,Green,Orange,Private Second Class,Y
Warsaw,Orange,Yellow,Specialist,X
Atlanta,Yellow,Blue,Master Sergeant,Z
Warsaw,Green,Purple,Sergeant Major,Y
Warsaw,Yellow,Yellow,Master Sergeant,X
Paris,Red,Yellow,First Sergeant,Z
New York,Orange,Green,Master Sergeant,Y
Warsaw,Red,Red,Master Sergeant,Z
Warsaw,Blue,Lavender,Staff Sergeant,X
Warsaw,Magenta,Lavender,Private First Class,Y
Warsaw,Yellow,Magenta,First Sergeant,X
New York,Red,Cyan,Private Second Class,X
Shanghai,Cyan,Pink,Staff Sergeant,Y
Warsaw,Red,Green,Sergeant Major,X
Mexico City,Green,Green,Master Sergeant,Y
New York,Red,Pink,Private,Y
Warsaw,Red,Lavender,Private First Class,Z
New York,Blue,Green,Command Sergeant Major,Y
New York,Yellow,Lavender,Private First Class,X
Warsaw,Orange,Blue,Staff Sergeant,Y
Warsaw,Yellow,Lavender,Sergeant First Class,Z
Mumbai,Green,Lime,Specialist,X
New York,Orange,Teal,Private,Z
Mumbai,Purple,Lime,Master Sergeant,Z
New York,Red,Pink,Private First Class,Y
Warsaw,Red,Yellow,Private,Y
Paris,Green,Orange,Private,Y
Shanghai,Yellow,Cyan,Private Second Class,Y
Warsaw,Red,Lime,Master Sergeant,Z
Warsaw,Red,Purple,Sergeant First Class,Y
New York,Green,Yellow,Sergeant First Class,X
New York,Red,Yellow,Staff Sergeant,Y
New York,Lime,Lime,Command Sergeant Major,X
Warsaw,Magenta,Lime,Sergeant First Class,Y
New York,Red,Cyan,Command Sergeant Major,Y
Warsaw,Cyan,Red,First Sergeant,X
New York,Blue,Purple,Private,Y
Warsaw,Green,Pink,Sergeant First Class,X
Paris,Red,Pink,Sergeant,X
Warsaw,Red,Orange,First Sergeant,Y
Warsaw,Red,Orange,Sergeant First Class,Z
New York,Lavender,Lime,Sergeant First Class,Z
Warsaw,Cyan,Yellow,Corporal,Y
Mumbai,Green,Green,Specialist,Y
Warsaw,Orange,Red,Private Second Class,X
New York,Green,Lavender,Sergeant First Class,Y
Warsaw,Red,Green,Specialist,X
New York,Yellow,Teal,Staff Sergeant,Z
Mumbai,Green,Green,Master Sergeant,Y
Shanghai,Red,Blue,Private Second Class,Y
Warsaw,Lime,Magenta,Private Second Class,Y
Shanghai,Yellow,Yellow,Sergeant,X
Warsaw,Red,Lavender,First Sergeant,Z
Paris,Teal,Purple,Sergeant,Y
New York,Cyan,Lavender,Master Sergeant,Y
Shanghai,Yellow,Red,Private Second Class,Y
Warsaw,Red,Lavender,Sergeant First Class,X
Warsaw,Red,Orange,Sergeant,X
Warsaw,Red,Yellow,Private,Z
Warsaw,Red,Red,Sergeant Major,Y
Warsaw,Yellow,Lavender,Private,X
Shanghai,Green,Purple,Staff Sergeant,Z
New York,Red,Orange,Master Sergeant,Y
New York,Yellow,Blue,Master Sergeant,Z
Warsaw,Yellow,Green,Private First Class,X
Sydney,Red,Green,Private Second Class,X
New York,Red,Red,Command Sergeant Major,Z
Warsaw,Red,Lavender,Private Second Class,X
Warsaw,Red,Green,Private Second Class,Z
Shanghai,Red,Teal,Sergeant,X
Warsaw,Orange,Orange,Sergeant Major,X
New York,Red,Red,Corporal,Z
Paris,Green,Lavender,Sergeant,X
Warsaw,Green,Blue,Command Sergeant Major,Z
Warsaw,Green,Red,Master Sergeant,Z
Warsaw,Lavender,Blue,Command Sergeant Major,Z
Warsaw,Teal,Cyan,Corporal,X
Warsaw,Green,Lavender,Sergeant Major,Y
Warsaw,Red,Pink,Private Second Class,X
Warsaw,Blue,Red,Sergeant Major,Y
Shanghai,Red,Pink,Sergeant Major,Z
Warsaw,Green,Green,Sergeant,Y
Shanghai,Green,Lime,Private,Z
Mexico City,Green,Cyan,Sergeant Major,X
New York,Lime,Green,First Sergeant,Y
Warsaw,Green,Green,Specialist,X
Mumbai,Green,Lime,Staff Sergeant,Z
Warsaw,Yellow,Purple,Sergeant First Class,X
New York,Yellow,Lime,Sergeant Major,Y
Paris,Red,Lavender,Staff Sergeant,Z
New York,Orange,Teal,Corporal,X
Warsaw,Yellow,Lavender,Corporal,X
Shanghai,Yellow,Green,Private First Class,Y
Warsaw,Magenta,Lime,Sergeant Major,X
Shanghai,Red,Blue,Private,Y
New York,Blue,Pink,Sergeant First Class,Y
Warsaw,Red,Yellow,Command Sergeant Major,X
Warsaw,Orange,Blue,Private,Y
New York,Yellow,Red,Sergeant First Class,X
Warsaw,Yellow,Pink,First Sergeant,X
New York,Yellow,Blue,Command Sergeant Major,Y
Mumbai,Red,Lime,Sergeant Major,X
Warsaw,Red,Purple,Private First Class,Z
Warsaw,Green,Orange,Staff Sergeant,X
Warsaw,Yellow,Magenta,Sergeant,X
New York,Green,Red,First Sergeant,Y
New York,Red,Green,Private First Class,Z
Shanghai,Red,Magenta,Staff Sergeant,X
Warsaw,Red,Teal,Private,X
Warsaw,Pink,Orange,Corporal,Y
Warsaw,Blue,Cyan,Sergeant Major,X
Mumbai,Cyan,Pink,Private Second Class,Z
Paris,Orange,Yellow,First Sergeant,Y
Warsaw,Red,Red,Sergeant First Class,Y
New York,Green,Cyan,Private Second Class,X
Paris,Red,Purple,Private,Y
Warsaw,Red,Lime,Sergeant,X
Sydney,Green,Red,Sergeant,Z
Warsaw,Red,Pink,Specialist,Y
Warsaw,Red,Purple,Private Second Class,Z
Mumbai,Pink,Lime,Private,Y
Warsaw,Orange,Magenta,First Sergeant,X
Warsaw,Red,Blue,Private Second Class,Y
Warsaw,Green,Orange,First Sergeant,X
Warsaw,Pink,Purple,Sergeant First Class,Z
Warsaw,Orange,Yellow,Master Sergeant,Y
Shanghai,Green,Yellow,Private First Class,Y
Shanghai,Red,Lime,Command Sergeant Major,Y
Warsaw,Green,Blue,Staff Sergeant,Z
New York,Red,Teal,Specialist,Y
Warsaw,Red,Cyan,First Sergeant,X
New York,Cyan,Teal,Private Second Class,Z
Warsaw,Red,Magenta,Command Sergeant Major,Y
Warsaw,Red,Blue,Private Second Class,X
Warsaw,Green,Teal,Private First Class,Y
Warsaw,Green,Orange,Command Sergeant Major,X
Shanghai,Red,Lime,Private,Z
New York,Red,Magenta,Sergeant First Class,X
Mumbai,Blue,Teal,Sergeant,Z
Warsaw,Purple,Cyan,Staff Sergeant,Z
New York,Green,Yellow,Command Sergeant Major,Z
New York,Red,Purple,Sergeant,Z
Mumbai,Green,Magenta,Private,Z
New York,Yellow,Yellow,Staff Sergeant,Z
Warsaw,Purple,Yellow,Private Second Class,X
Sydney,Red,Yellow,Staff Sergeant,Z
New York,Red,Red,Private Second Class,Z
Warsaw,Green,Lavender,Master Sergeant,X
Shanghai,Green,Teal,Specialist,Y
Warsaw,Blue,Lavender,Sergeant,Y
Warsaw,Red,Green,Master Sergeant,X
Warsaw,Green,Magenta,Sergeant First Class,Y
Paris,Red,Teal,Sergeant Major,Z
Atlanta,Purple,Red,Specialist,Y
Paris,Red,Cyan,Private,Y
Warsaw,Green,Orange,First Sergeant,Y
Warsaw,Green,Blue,Private Second Class,Y
New York,Orange,Purple,Sergeant,Z
Mexico City,Red,Pink,Corporal,Y
Warsaw,Red,Pink,Sergeant,Y
Mumbai,Blue,Cyan,Private First Class,Y
Warsaw,Green,Pink,Command Sergeant Major,X
Warsaw,Pink,Orange,Private,Z
Warsaw,Red,Green,Sergeant First Class,Z
New York,Orange,Yellow,Sergeant,Z
Warsaw,Green,Blue,Private,Y
New York,Red,Lime,Sergeant First Class,X
Warsaw,Red,Purple,Private First Class,X
Warsaw,Red,Lime,Staff Sergeant,Y
New York,Red,Purple,Private First Class,X
Atlanta,Red,Teal,Command Sergeant Major,Y
Warsaw,Red,Teal,Command Sergeant Major,X
Warsaw,Yellow,Lime,Master Sergeant,Z
Warsaw,Green,Lime,Command Sergeant Major,Z
Warsaw,Lime,Lime,Sergeant,Z
Warsaw,Red,Magenta,Private Second Class,X
Warsaw,Green,Teal,Sergeant,X
New York,Yellow,Teal,Master Sergeant,X
Shanghai,Green,Green,Sergeant First Class,Y
New York,Red,Pink,Private,X
Warsaw,Pink,Yellow,Private First Class,X
Warsaw,Green,Blue,Staff Sergeant,Z
Shanghai,Yellow,Magenta,Sergeant First Class,Z
New York,Green,Green,Command Sergeant Major,Y
Warsaw,Red,Yellow,First Sergeant,Z
Shanghai,Red,Teal,Master Sergeant,X
Warsaw,Purple,Purple,Private,Y
New York,Green,Red,Private Second Class,Z
Warsaw,Red,Teal,Corporal,Y
Warsaw,Red,Purple,Private Second Class,X
Warsaw,Green,Cyan,Private,Y
Warsaw,Green,Purple,Corporal,Y
Warsaw,Cyan,Pink,Sergeant Major,Z
Sydney,Blue,Red,Specialist,X
Warsaw,Red,Teal,Corporal,Y
Shanghai,Yellow,Magenta,Command Sergeant Major,Y
Warsaw,Red,Pink,Master Sergeant,X
Sydney,Yellow,Lime,Private First Class,Z
Warsaw,Red,Purple,Corporal,Y
Mumbai,Purple,Purple,Sergeant Major,Y
New York,Red,Lavender,Private First Class,X
Paris,Yellow,Magenta,Private,Z
Warsaw,Green,Cyan,Private,Z
Warsaw,Green,Yellow,Private,Y
Warsaw,Magenta,Teal,Sergeant,Y
New York,Red,Pink,Staff Sergeant,X
Shanghai,Green,Orange,First Sergeant,Y
Shanghai,Blue,Magenta,Sergeant First Class,X
Warsaw,Red,Teal,Sergeant Major,Y
Warsaw,Yellow,Green,Command Sergeant Major,X
New York,Red,Blue,Private Second Class,Z
Warsaw,Red,Cyan,First Sergeant,Y
Shanghai,Red,Yellow,Sergeant,Z
Shanghai,Green,Teal,Sergeant,X
Warsaw,Red,Lavender,Corporal,Z
Paris,Green,Cyan,Command Sergeant Major,Z
New York,Red,Red,Staff Sergeant,X
Atlanta,Yellow,Yellow,Specialist,Z
Mumbai,Purple,Red,Specialist,X
Warsaw,Red,Magenta,Private Second Class,X
New York,Purple,Purple,Corporal,Y
Warsaw,Green,Lime,Command Sergeant Major,Z
Warsaw,Blue,Purple,Master Sergeant,Z
Shanghai,Red,Green,Private Second Class,Z
Warsaw,Yellow,Blue,Master Sergeant,X
New York,Orange,Red,Sergeant Major,Y
Warsaw,Red,Purple,Sergeant,Z
Shanghai,Green,Green,First Sergeant,X
Warsaw,Green,Magenta,Specialist,X
New York,Pink,Magenta,Staff Sergeant,Y
New York,Red,Cyan,Sergeant First Class,Y
Warsaw,Blue,Pink,Corporal,Y
Paris,Green,Teal,Sergeant Major,Y
Warsaw,Purple,Blue,Command Sergeant Major,X
New York,Red,Orange,First Sergeant,X
Paris,Red,Lavender,Command Sergeant Major,Y
Warsaw,Green,Blue,Private First Class,X
Warsaw,Red,Teal,Sergeant First Class,X
New York,Green,Green,Corporal,Y
Warsaw,Green,Blue,First Sergeant,X
Mumbai,Green,Green,Corporal,Z
Warsaw,Red,Blue,Sergeant First Class,X
Warsaw,Purple,Lavender,Master Sergeant,Z
Paris,Red,Lime,Command Sergeant Major,Y
Paris,Lavender,Lavender,Master Sergeant,Y
Warsaw,Green,Pink,First Sergeant,X
Warsaw,Blue,Cyan,First Sergeant,X
Warsaw,Red,Blue,Staff Sergeant,Y
Warsaw,Red,Lime,Master Sergeant,Y
Warsaw,Green,Magenta,Sergeant Major,Z
Warsaw,Green,Magenta,Command Sergeant Major,Y
Paris,Red,Blue,First Sergeant,Y
Warsaw,Red,Magenta,Command Sergeant Major,X
Mumbai,Red,Purple,Specialist,X
New York,Red,Lavender,Command Sergeant Major,Z
Warsaw,Red,Lime,Sergeant Major,Y
Warsaw,Red,Cyan,Private Second Class,Z
New York,Purple,Purple,Sergeant First Class,Y
New York,Red,Purple,Sergeant Major,X
New York,Red,Magenta,Sergeant Major,X
Warsaw,Red,Pink,Master Sergeant,X
New York,Red,Orange,Sergeant,X
Warsaw,Red,Lavender,First Sergeant,Y
Warsaw,Green,Orange,Private First Class,X
New York,Green,Green,First Sergeant,Z
Warsaw,Purple,Pink,Private,X
New York,Yellow,Cyan,Master Sergeant,X
Warsaw,Red,Lime,Sergeant Major,Z
Shanghai,Red,Red,Sergeant First Class,Z
Warsaw,Blue,Blue,Corporal,Y
Warsaw,Green,Blue,Sergeant,X
Mexico City,Green,Red,First Sergeant,Z
New York,Red,Cyan,Sergeant,X
Mumbai,Teal,Pink,Private,Y
New York,Yellow,Orange,Staff Sergeant,Z
Warsaw,Red,Orange,Private Second Class,Z
Warsaw,Green,Green,Staff Sergeant,Z
Warsaw,Yellow,Yellow,Sergeant,X
Mexico City,Orange,Pink,Master Sergeant,Z
Mumbai,Blue,Green,Private,Y
Warsaw,Lavender,Teal,Master Sergeant,Y
New York,Green,Pink,Staff Sergeant,Y
Warsaw,Red,Yellow,Private,Y
New York,Cyan,Red,Private,X
New York,Red,Red,Specialist,Z
Warsaw,Red,Magenta,Sergeant,Z
New York,Red,Magenta,Private Second Class,Z
Warsaw,Red,Green,Private First Class,X
Mexico City,Yellow,Green,Private First Class,X
Warsaw,Green,Purple,Private First Class,Y
Warsaw,Red,Cyan,Command Sergeant Major,X
New York,Yellow,Orange,Corporal,Z
New York,Orange,Green,Private,X
Paris,Yellow,Teal,Corporal,X
Shanghai,Red,Pink,First Sergeant,Z
Warsaw,Green,Blue,Sergeant Major,X
New York,Red,Magenta,Staff Sergeant,Y
Shanghai,Blue,Orange,Command Sergeant Major,Z
Mumbai,Green,Green,Corporal,Y
New York,Green,Pink,Private,X
New York,Red,Yellow,Sergeant First Class,Z
Warsaw,Red,Blue,Specialist,Z
Warsaw,Green,Green,First Sergeant,Y
Warsaw,Magenta,Green,Corporal,Z
Warsaw,Green,Teal,Sergeant First Class,X
Warsaw,Red,Red,Private First Class,Y
Mumbai,Red,Lavender,First Sergeant,X
Warsaw,Red,Pink,Master Sergeant,Z
New York,Green,Magenta,Command Sergeant Major,Y
Shanghai,Red,Lavender,Sergeant Major,Y
Warsaw,Red,Magenta,Corporal,Y
Warsaw,Red,Cyan,Sergeant Major,Z
New York,Green,Yellow,Private First Class,Z
Warsaw,Red,Magenta,First Sergeant,Z
Warsaw,Green,Pink,Command Sergeant Major,Y
Warsaw,Magenta,Purple,Sergeant Major,Z
Warsaw,Red,Purple,Sergeant Major,X
Mexico City,Green,Pink,Private,Y
Warsaw,Yellow,Lavender,Sergeant Major,Z
Warsaw,Red,Purple,Specialist,X
Warsaw,Red,Cyan,Sergeant,Z
Warsaw,Green,Blue,Sergeant Major,Y
Warsaw,Green,Teal,Sergeant First Class,Y
Paris,Green,Magenta,Private First Class,Y
Warsaw,Yellow,Pink,Specialist,Y
Warsaw,Purple,Blue,Sergeant,Z
Mexico City,Red,Yellow,Command Sergeant Major,X
Warsaw,Yellow,Teal,Private Second Class,Y
New York,Blue,Blue,First Sergeant,Y
Warsaw,Green,Yellow,Master Sergeant,X
New York,Green,Yellow,Command Sergeant Major,Z
Warsaw,Green,Red,Sergeant,X
Warsaw,Yellow,Red,Private First Class,Z
Warsaw,Red,Yellow,Master Sergeant,Y
Shanghai,Red,Red,Specialist,X
New York,Cyan,Pink,Private First Class,Y
New York,Green,Orange,Staff Sergeant,Y
New York,Green,Pink,Sergeant,X
Warsaw,Red,Yellow,Sergeant,Y
New York,Green,Yellow,Private Second Class,X
Shanghai,Green,Pink,Specialist,X
Mumbai,Teal,Red,Master Sergeant,X
Shanghai,Yellow,Lime,Sergeant First Class,Y
New York,Red,Red,Sergeant First Class,Z
Warsaw,Magenta,Purple,Private First Class,Z
Warsaw,Orange,Red,Private,Z
Warsaw,Yellow,Green,Master Sergeant,X
Mexico City,Green,Green,Private,X
Mumbai,Red,Purple,Private,Y
Warsaw,Green,Pink,Private Second Class,X
Warsaw,Yellow,Orange,Sergeant,Y
New York,Yellow,Teal,Sergeant,Z
Warsaw,Blue,Magenta,Specialist,Z
New York,Red,Green,Private,Z
New York,Red,Blue,Private First Class,X
Warsaw,Red,Magenta,Private,Z
Warsaw,Cyan,Lavender,First Sergeant,Y
Warsaw,Purple,Pink,Specialist,Z
New York,Blue,Purple,Sergeant,Y
Warsaw,Green,Teal,Private Second Class,Z
New York,Yellow,Green,Private Second Class,Z
Shanghai,Teal,Purple,Private,Z
New York,Red,Lavender,Private,Z
Warsaw,Red,Lavender,Private,Z
Warsaw,Blue,Lavender,Master Sergeant,Z
Warsaw,Pink,Teal,Private Second Class,Y
New York,Red,Teal,Private Second Class,Z
New York,Orange,Magenta,Command Sergeant Major,Z
New York,Red,Orange,Private,Y
New York,Red,Teal,Sergeant First Class,Y
Warsaw,Yellow,Red,Command Sergeant Major,X
New York,Yellow,Lime,Command Sergeant Major,Y
Warsaw,Green,Lime,Private,Y
New York,Blue,Teal,Command Sergeant Major,X
Warsaw,Red,Green,Sergeant Major,X
New York,Green,Lime,Private Second Class,Z
Warsaw,Red,Red,Sergeant First Class,Z
Mumbai,Green,Orange,Private Second Class,Y
New York,Blue,Yellow,Sergeant,X
New York,Red,Lavender,Corporal,X
Warsaw,Orange,Orange,Command Sergeant Major,Y
Warsaw,Red,Green,Private,Y
New York,Red,Teal,Private,Z
Warsaw,Red,Cyan,Master Sergeant,X
Warsaw,Orange,Pink,Command Sergeant Major,Z
Warsaw,Magenta,Cyan,Private,Y
Warsaw,Green,Red,Sergeant Major,X
New York,Red,Cyan,Sergeant,X
Warsaw,Green,Yellow,Sergeant First Class,Z
New York,Red,Purple,Corporal,Y
Warsaw,Green,Orange,Sergeant First Class,Z
New York,Orange,Green,Sergeant,Y
New York,Red,Blue,Sergeant,Y
Warsaw,Red,Blue,Private,X
New York,Magenta,Lavender,Private First Class,X
Shanghai,Red,Purple,Corporal,Z
Warsaw,Green,Cyan,First Sergeant,Y
Warsaw,Yellow,Red,Private,Z
Warsaw,Green,Purple,Sergeant Major,Y
Shanghai,Magenta,Lavender,Private Second Class,Z
New York,Teal,Pink,Sergeant,X
Warsaw,Green,Cyan,Private,Y
Shanghai,Yellow,Lime,Staff Sergeant,Y
New York,Purple,Teal,Private First Class,X
Warsaw,Orange,Lime,Staff Sergeant,Y
Warsaw,Red,Cyan,Private First Class,X
Mexico City,Green,Blue,Private First Class,X
Mumbai,Red,Lavender,Private First Class,X
New York,Green,Pink,Private First Class,Z
Warsaw,Red,Pink,Specialist,X
Warsaw,Pink,Magenta,Command Sergeant Major,Z
New York,Yellow,Green,Sergeant First Class,X
Warsaw,Green,Red,Command Sergeant Major,X
Warsaw,Red,Teal,Specialist,Z
Shanghai,Red,Teal,Private First Class,X
Shanghai,Green,Blue,Sergeant,Z
Warsaw,Cyan,Magenta,First Sergeant,Z
Warsaw,Orange,Teal,Private First Class,Z
New York,Teal,Green,Private Second Class,X
New York,Green,Magenta,Specialist,X
Warsaw,Green,Lavender,Private First Class,X
Warsaw,Red,Lavender,Command Sergeant Major,Y
Warsaw,Purple,Orange,Master Sergeant,X
Warsaw,Orange,Red,Private,X
Warsaw,Green,Lime,Private First Class,Z
Warsaw,Orange,Red,Private Second Class,Z
Warsaw,Red,Pink,First Sergeant,Y
New York,Green,Blue,First Sergeant,Z
Atlanta,Blue,Lavender,Private First Class,Z
Warsaw,Red,Purple,First Sergeant,X
New York,Red,Orange,Corporal,Z
Warsaw,Red,Pink,Staff Sergeant,Y
New York,Red,Cyan,Specialist,Y
Warsaw,Green,Magenta,Staff Sergeant,X
Atlanta,Green,Cyan,Private Second Class,X
Mumbai,Red,Pink,Private Second Class,Z
Shanghai,Orange,Red,Sergeant Major,Z
Warsaw,Blue,Yellow,Corporal,X
Warsaw,Red,Pink,Private Second Class,Z
Mexico City,Yellow,Yellow,Sergeant Major,Y
Warsaw,Red,Lavender,Command Sergeant Major,Z
Mumbai,Red,Pink,Private Second Class,X
Warsaw,Red,Red,Staff Sergeant,Z
Warsaw,Orange,Magenta,Sergeant First Class,X
Shanghai,Lavender,Magenta,Sergeant Major,Z
Warsaw,Yellow,Purple,Private Second Class,Z
Sydney,Orange,Lavender,Private Second Class,X
Paris,Red,Purple,Sergeant First Class,Z
Warsaw,Red,Cyan,Specialist,Y
Warsaw,Orange,Green,Master Sergeant,Y
Shanghai,Green,Pink,Master Sergeant,X
New York,Red,Magenta,Private,Y
New York,Red,Green,Specialist,Y
Warsaw,Yellow,Teal,Corporal,Z
Sydney,Green,Lavender,Private First Class,Z
Warsaw,Green,Lavender,Staff Sergeant,Y
Warsaw,Purple,Pink,Private,Y
New York,Green,Pink,Corporal,Z
Warsaw,Blue,Green,Sergeant Major,Z
Warsaw,Red,Magenta,Specialist,Y
Mumbai,Red,Purple,Sergeant First Class,X
Mumbai,Teal,Yellow,Private,Z
Shanghai,Red,Magenta,Sergeant,Y
Warsaw,Yellow,Purple,Master Sergeant,Y
New York,Orange,Red,Private,Y
Shanghai,Magenta,Cyan,Sergeant First Class,X
Warsaw,Red,Lime,Private,Z
New York,Yellow,Purple,Private Second Class,Y
Shanghai,Blue,Green,Master Sergeant,X
New York,Red,Purple,Command Sergeant Major,Y
New York,Red,Green,First Sergeant,Z
Warsaw,Red,Orange,Private First Class,X
Warsaw,Yellow,Purple,Sergeant,Y
Paris,Red,Blue,Private First Class,Z
Shanghai,Blue,Cyan,Corporal,Z
Warsaw,Yellow,Blue,Staff Sergeant,Y
Warsaw,Red,Lavender,Sergeant Major,Z
New York,Yellow,Lavender,Private Second Class,Y
Warsaw,Yellow,Pink,Private Second Class,X
Warsaw,Green,Teal,Corporal,X
Warsaw,Green,Green,Staff Sergeant,X
Warsaw,Yellow,Lavender,Sergeant First Class,Y
Warsaw,Red,Yellow,Sergeant Major,Z
Warsaw,Red,Cyan,Corporal,X
Mexico City,Red,Yellow,Master Sergeant,Y
Mumbai,Green,Orange,First Sergeant,X
Warsaw,Green,Lime,First Sergeant,X
Shanghai,Red,Magenta,Private,X
New York,Green,Orange,Corporal,Y
Mexico City,Red,Yellow,Corporal,X
New York,Blue,Orange,Private First Class,Z
Mexico City,Green,Magenta,Private First Class,Z
Mumbai,Red,Lavender,Command Sergeant Major,X
Shanghai,Red,Orange,Command Sergeant Major,Y
Shanghai,Red,Lime,Private First Class,Z
New York,Yellow,Green,Private Second Class,X
New York,Red,Purple,Private First Class,Z
New York,Green,Yellow,First Sergeant,Y
New York,Blue,Blue,Staff Sergeant,Y
Warsaw,Green,Magenta,Corporal,Z
Warsaw,Green,Pink,Command Sergeant Major,X
Warsaw,Green,Teal,Staff Sergeant,Z
Warsaw,Green,Orange,First Sergeant,Z
Warsaw,Red,Cyan,Private Second Class,Y
Shanghai,Red,Purple,Specialist,Z
Warsaw,Red,Magenta,Sergeant Major,Y
New York,Green,Green,Private Second Class,Y
New York,Green,Lime,Private,X
Warsaw,Red,Purple,First Sergeant,X
New York,Red,Lime,Sergeant First Class,Y
Warsaw,Orange,Pink,Sergeant First Class,X
Warsaw,Red,Purple,Specialist,X
Mumbai,Green,Blue,Private,X
Warsaw,Red,Lavender,Command Sergeant Major,Z
Shanghai,Red,Lime,Staff Sergeant,Y
New York,Cyan,Lavender,Corporal,X
New York,Red,Green,Specialist,Z
Mumbai,Cyan,Blue,Sergeant,Z
Paris,Red,Blue,Specialist,Z
Warsaw,Red,Orange,Sergeant Major,X
New York,Red,Pink,Command Sergeant Major,Z
Warsaw,Red,Purple,Sergeant First Class,Y
Warsaw,Red,Lavender,Sergeant First Class,Z
Shanghai,Blue,Magenta,Private,Y
Mumbai,Yellow,Orange,Sergeant First Class,X
Warsaw,Blue,Cyan,Command Sergeant Major,Y
Shanghai,Green,Blue,Sergeant Major,Y
Warsaw,Green,Lime,Private First Class,Y
Sydney,Red,Teal,Private Second Class,X
Warsaw,Orange,Cyan,Private,Y
New York,Red,Yellow,Private First Class,X
Mumbai,Orange,Lime,Master Sergeant,Y
Warsaw,Blue,Blue,Master Sergeant,Z
Mumbai,Red,Lavender,Staff Sergeant,Y
Paris,Yellow,Lavender,Corporal,Z
Warsaw,Yellow,Yellow,Private Second Class,Y
Warsaw,Green,Lime,Sergeant Major,Z
Warsaw,Red,Cyan,Sergeant Major,X
Warsaw,Red,Yellow,Staff Sergeant,Z
Warsaw,Red,Orange,Private Second Class,X
Warsaw,Blue,Lavender,Sergeant,X
Warsaw,Orange,Teal,Master Sergeant,Z
New York,Red,Red,Corporal,Y
Warsaw,Red,Blue,Staff Sergeant,X
Mumbai,Cyan,Purple,Master Sergeant,Y
Mumbai,Yellow,Cyan,Staff Sergeant,Y
Warsaw,Magenta,Green,Master Sergeant,Y
Warsaw,Orange,Magenta,Private Second Class,Z
New York,Yellow,Lime,First Sergeant,Z
Mexico City,Blue,Teal,Sergeant First Class,X
New York,Red,Teal,Command Sergeant Major,X
Warsaw,Cyan,Magenta,Private First Class,Y
Shanghai,Blue,Red,Specialist,Z
Warsaw,Red,Orange,Private,Z
Warsaw,Red,Magenta,First Sergeant,X
Shanghai,Yellow,Green,Sergeant First Class,X
Shanghai,Red,Blue,Sergeant Major,Z
Mumbai,Red,Green,Staff Sergeant,Z
New York,Yellow,Cyan,First Sergeant,Y
Warsaw,Green,Red,Sergeant First Class,X
Warsaw,Red,Cyan,Master Sergeant,X
New York,Green,Purple,Sergeant Major,Z
Warsaw,Purple,Orange,Staff Sergeant,Z
Warsaw,Red,Cyan,Sergeant Major,Z
New York,Green,Lime,Sergeant First Class,Z
Warsaw,Teal,Purple,Sergeant First Class,Z
New York,Lavender,Orange,Specialist,Z
Mexico City,Red,Lime,Sergeant,Y
New York,Green,Yellow,Staff Sergeant,Y
Warsaw,Green,Magenta,Staff Sergeant,X
Mumbai,Purple,Cyan,Staff Sergeant,X
Warsaw,Blue,Teal,Private,X
Shanghai,Green,Teal,Sergeant,X
New York,Pink,Lavender,Staff Sergeant,X
New York,Cyan,Pink,Sergeant First Class,Y
Shanghai,Red,Orange,Sergeant Major,Y
Warsaw,Green,Purple,Master Sergeant,X
Shanghai,Green,Green,Command Sergeant Major,Y
Shanghai,Purple,Lavender,Master Sergeant,Z
Shanghai,Yellow,Blue,First Sergeant,Y
Shanghai,Green,Lime,Staff Sergeant,Z
Paris,Orange,Cyan,Private First Class,Y
New York,Green,Red,Staff Sergeant,Z
Warsaw,Yellow,Red,Private First Class,X
Shanghai,Red,Green,Private,X
Warsaw,Cyan,Lime,Specialist,Y
Warsaw,Magenta,Teal,Private,Z
Shanghai,Red,Blue,Sergeant Major,X
New York,Red,Pink,Staff Sergeant,Z
Warsaw,Yellow,Pink,Private,Y
Warsaw,Teal,Lime,Sergeant Major,X
Warsaw,Red,Purple,Specialist,Y
Warsaw,Teal,Lavender,Private Second Class,Y
Warsaw,Green,Red,Private Second Class,Z
Warsaw,Red,Teal,Corporal,X
Warsaw,Yellow,Green,Master Sergeant,X
Warsaw,Orange,Pink,Sergeant Major,X
Warsaw,Red,Pink,Private Second Class,X
Mumbai,Red,Teal,Private Second Class,Z
Warsaw,Green,Cyan,Sergeant First Class,Z
Shanghai,Red,Purple,Corporal,Y
Warsaw,Red,Orange,Private First Class,Y
Warsaw,Red,Lime,Private Second Class,X
New York,Green,Orange,Sergeant First Class,X
New York,Red,Pink,Command Sergeant Major,Z
New York,Blue,Magenta,Corporal,X
Shanghai,Red,Green,Staff Sergeant,X
Warsaw,Lime,Purple,Master Sergeant,Z
Shanghai,Yellow,Lime,Specialist,Z
New York,Yellow,Blue,Private First Class,X
Warsaw,Green,Orange,Specialist,Y
Shanghai,Green,Cyan,Sergeant Major,Z
New York,Green,Yellow,Sergeant,Z
Warsaw,Yellow,Cyan,Private,X
Warsaw,Purple,Cyan,First Sergeant,X
Warsaw,Red,Purple,Corporal,Z
Mexico City,Green,Orange,First Sergeant,Y
New York,Yellow,Magenta,Specialist,Y
New York,Blue,Lime,Sergeant Major,X
Warsaw,Red,Red,Staff Sergeant,Y
Warsaw,Yellow,Teal,Private Second Class,Z
Mumbai,Red,Red,Private First Class,X
New York,Red,Green,Private First Class,Z
Warsaw,Red,Lavender,Private Second Class,Y
Mumbai,Red,Green,Sergeant,Z
Warsaw,Green,Teal,Master Sergeant,Y
Warsaw,Red,Red,Corporal,Y
Mumbai,Green,Cyan,First Sergeant,Y
Warsaw,Yellow,Lime,Private First Class,X
Warsaw,Red,Cyan,Command Sergeant Major,Z
Warsaw,Green,Cyan,Private First Class,X
New York,Red,Cyan,Private Second Class,X
New York,Green,Magenta,Command Sergeant Major,Z
Warsaw,Red,Yellow,Master Sergeant,Z
New York,Red,Lime,Private Second Class,X
Warsaw,Green,Purple,Specialist,X
Warsaw,Green,Purple,Private,Z
New York,Green,Yellow,Staff Sergeant,Z
Mexico City,Red,Purple,Private First Class,Z
Warsaw,Yellow,Lime,Command Sergeant Major,Y
Shanghai,Green,Blue,Sergeant,Z
New York,Yellow,Magenta,First Sergeant,X
Warsaw,Magenta,Yellow,Sergeant,Y
New York,Lime,Cyan,Private Second Class,X
Warsaw,Green,Green,Master Sergeant,Y
New York,Red,Purple,Sergeant Major,Y
New York,Red,Pink,Private First Class,X
New York,Purple,Green,Corporal,X
Warsaw,Red,Lime,Specialist,X
Warsaw,Blue,Purple,Sergeant Major,Y
Warsaw,Blue,Pink,Staff Sergeant,Y
Warsaw,Blue,Cyan,Sergeant,Z
Warsaw,Green,Teal,Master Sergeant,Z
New York,Yellow,Orange,Private,Y
New York,Red,Cyan,Private,Y
Warsaw,Green,Green,Corporal,X
Shanghai,Red,Cyan,Private Second Class,X
Mexico City,Green,Red,Private Second Class,Y
New York,Red,Blue,Private,X
Shanghai,Yellow,Green,Master Sergeant,X
Mumbai,Green,Lime,Sergeant,X
New York,Green,Purple,Private Second Class,Z
New York,Red,Lime,Private,Z
Shanghai,Red,Magenta,Sergeant First Class,Y
Warsaw,Orange,Cyan,Command Sergeant Major,Z
Warsaw,Yellow,Lime,Sergeant,Z
New York,Red,Green,First Sergeant,Y
New York,Blue,Yellow,Command Sergeant Major,Z
Warsaw,Yellow,Magenta,Private,Z
New York,Green,Purple,Command Sergeant Major,Y
Mexico City,Red,Lime,Corporal,X
Warsaw,Orange,Purple,Private Second Class,X
Warsaw,Blue,Blue,Specialist,Y
Shanghai,Green,Teal,Private First Class,Z
Mexico City,Red,Purple,First Sergeant,Z
Warsaw,Red,Teal,Sergeant First Class,Z
Warsaw,Blue,Cyan,Private Second Class,X
Shanghai,Red,Cyan,Specialist,X
Warsaw,Yellow,Cyan,First Sergeant,Y
New York,Red,Red,Private First Class,Z
New York,Red,Red,Sergeant First Class,Y
New York,Red,Green,Corporal,Z
Mexico City,Blue,Blue,Sergeant,Z
Warsaw,Blue,Orange,Sergeant First Class,Y
Mumbai,Yellow,Lavender,Master Sergeant,Y
Shanghai,Red,Green,Private Second Class,X
New York,Orange,Blue,Staff Sergeant,Y
New York,Yellow,Cyan,Private Second Class,Z
Warsaw,Green,Green,Master Sergeant,Z
Warsaw,Blue,Teal,Corporal,X
New York,Magenta,Lavender,Private,Z
Warsaw,Red,Yellow,Sergeant Major,X
New York,Cyan,Magenta,Sergeant,X
New York,Purple,Purple,Sergeant Major,X
Warsaw,Red,Orange,Staff Sergeant,X
Mumbai,Red,Cyan,Private Second Class,Z
Sydney,Green,Lime,Private,Y
Warsaw,Red,Teal,Corporal,X
New York,Red,Cyan,Private Second Class,X
Warsaw,Blue,Red,Private,Z
New York,Red,Blue,Private,Y
New York,Green,Cyan,Staff Sergeant,Z
Warsaw,Red,Purple,Staff Sergeant,Z
New York,Red,Green,Master Sergeant,Y
Warsaw,Red,Lavender,Private First Class,X
New York,Red,Cyan,Corporal,Y
Warsaw,Red,Yellow,Private,Z
Warsaw,Red,Orange,First Sergeant,X
Warsaw,Red,Pink,Private Second Class,X
Warsaw,Teal,Magenta,Sergeant First Class,X
Warsaw,Green,Green,Sergeant First Class,Y
Warsaw,Green,Blue,Master Sergeant,X
Warsaw,Purple,Lavender,Corporal,X
Warsaw,Red,Red,Command Sergeant Major,X
New York,Green,Purple,Sergeant Major,Z
Warsaw,Red,Teal,First Sergeant,Y
Paris,Green,Blue,Sergeant Major,Z
Warsaw,Yellow,Lavender,Sergeant,Y
Mumbai,Blue,Teal,Sergeant,Y
Warsaw,Green,Cyan,Sergeant,X
Shanghai,Blue,Cyan,Staff Sergeant,X
Mumbai,Red,Pink,Master Sergeant,Y
Shanghai,Red,Lavender,Specialist,X
Warsaw,Red,Pink,Sergeant,X
New York,Green,Red,Corporal,Y
New York,Red,Teal,Private Second Class,X
Warsaw,Green,Red,Corporal,X
New York,Purple,Lime,Private First Class,Z
Paris,Yellow,Orange,Corporal,Y
New York,Purple,Magenta,Corporal,X
Warsaw,Red,Purple,Sergeant Major,Z
New York,Blue,Orange,Private Second Class,Y
Warsaw,Yellow,Magenta,Staff Sergeant,Z
Mumbai,Green,Lime,Corporal,Y
Shanghai,Red,Green,Corporal,X
New York,Red,Orange,Sergeant First Class,Z
Shanghai,Yellow,Teal,Specialist,X
Shanghai,Teal,Lavender,Master Sergeant,Y
Paris,Red,Lavender,Sergeant,Y
Warsaw,Red,Purple,Corporal,Y
New York,Red,Magenta,Private Second Class,Y
Warsaw,Red,Blue,Private,Y
New York,Green,Purple,Sergeant Major,Y
Warsaw,Red,Green,Corporal,X
Warsaw,Yellow,Pink,Sergeant First Class,X
Warsaw,Red,Teal,Private First Class,X
Paris,Red,Magenta,Private,X
Warsaw,Green,Purple,Sergeant,Z
Shanghai,Yellow,Blue,Sergeant First Class,X
Warsaw,Red,Yellow,Sergeant Major,Z
Mumbai,Cyan,Orange,Private First Class,Y
Warsaw,Yellow,Blue,Corporal,Y
New York,Red,Lime,Command Sergeant Major,Y
New York,Green,Teal,Command Sergeant Major,X
Shanghai,Green,Teal,Private,Y
Warsaw,Red,Magenta,Master Sergeant,X
Shanghai,Orange,Lime,Staff Sergeant,X
Warsaw,Red,Purple,Staff Sergeant,X
New York,Yellow,Magenta,Corporal,Y
Warsaw,Red,Cyan,Private,Z
Warsaw,Red,Lavender,Private,X
Warsaw,Red,Red,Command Sergeant Major,Y
Warsaw,Red,Blue,Sergeant First Class,Z
Shanghai,Blue,Lime,Sergeant Major,Y
New York,Green,Pink,First Sergeant,X
Shanghai,Orange,Orange,Corporal,X
New York,Red,Pink,Master Sergeant,Z
Warsaw,Green,Red,Staff Sergeant,Y
New York,Red,Yellow,Private Second Class,X
Warsaw,Red,Purple,Corporal,X
Mumbai,Green,Red,Private Second Class,Y
Warsaw,Red,Lime,Private,Z
Warsaw,Red,Blue,Corporal,Y
New York,Green,Orange,Corporal,Y
Warsaw,Yellow,Red,Specialist,X
Warsaw,Red,Lime,Corporal,X
Shanghai,Red,Blue,First Sergeant,Y
Warsaw,Red,Yellow,Staff Sergeant,X
Shanghai,Green,Lime,Private,X
Warsaw,Red,Lavender,Master Sergeant,Z
Warsaw,Red,Lime,First Sergeant,X
Warsaw,Green,Red,Private,Y
Warsaw,Green,Magenta,First Sergeant,Z
New York,Green,Blue,Private Second Class,Z
New York,Magenta,Red,Command Sergeant Major,Z
Warsaw,Cyan,Teal,Specialist,Z
New York,Red,Pink,Private Second Class,Y
Warsaw,Red,Teal,Private First Class,Z
Warsaw,Green,Orange,First Sergeant,X
Shanghai,Green,Lime,Corporal,Z
Warsaw,Red,Purple,Specialist,X
Mumbai,Green,Lavender,Private First Class,Z
Warsaw,Red,Lime,Private Second Class,Y
Paris,Red,Blue,Sergeant First Class,X
Warsaw,Red,Lavender,Specialist,Z
Warsaw,Red,Pink,Corporal,Z
Warsaw,Green,Lavender,Sergeant Major,Y
New York,Red,Pink,Private Second Class,Z
Shanghai,Green,Orange,Sergeant,Z
Shanghai,Red,Green,Sergeant Major,Z
Warsaw,Lime,Cyan,Sergeant,Y
Shanghai,Green,Lavender,Sergeant First Class,X
Warsaw,Blue,Red,Command Sergeant Major,Y
Mumbai,Red,Green,Private Second Class,Z
Shanghai,Blue,Lavender,Specialist,Y
Warsaw,Magenta,Cyan,Command Sergeant Major,Z
Warsaw,Red,Magenta,Private Second Class,X
Shanghai,Red,Blue,Corporal,Z
Warsaw,Yellow,Pink,Corporal,Z
New York,Red,Blue,Private,Y
Warsaw,Green,Blue,Sergeant First Class,Z
Warsaw,Blue,Purple,First Sergeant,Y
New York,Green,Lime,Master Sergeant,Z
New York,Red,Purple,Private,Y
Warsaw,Red,Green,Command Sergeant Major,X
Warsaw,Orange,Green,Sergeant,Z
Mumbai,Red,Orange,Command Sergeant Major,Z
New York,Lavender,Pink,Sergeant First Class,Y
Mumbai,Green,Cyan,Sergeant First Class,Y
Warsaw,Magenta,Lime,Master Sergeant,Y
New York,Purple,Lavender,First Sergeant,Y
Shanghai,Green,Magenta,Sergeant Major,Z
Warsaw,Red,Red,Private,X
Mumbai,Blue,Orange,Sergeant,X
New York,Red,Yellow,Sergeant Major,Z
Warsaw,Red,Green,Master Sergeant,X
Warsaw,Blue,Purple,First Sergeant,Z
Warsaw,Green,Pink,Command Sergeant Major,Y
Warsaw,Green,Lavender,Private First Class,Y
Mexico City,Red,Cyan,Command Sergeant Major,Z
Mumbai,Green,Pink,Sergeant Major,Y
Warsaw,Red,Lavender,Master Sergeant,Y
Warsaw,Green,Teal,First Sergeant,Y
Paris,Yellow,Pink,Sergeant Major,Y
Warsaw,Red,Lime,Sergeant First Class,X
Warsaw,Green,Purple,Staff Sergeant,Y
Warsaw,Yellow,Yellow,Master Sergeant,Y
Warsaw,Green,Pink,Private Second Class,Y
Warsaw,Green,Yellow,Private Second Class,X
Warsaw,Orange,Blue,Corporal,Y
Warsaw,Lime,Teal,Private,X
Warsaw,Red,Pink,Sergeant,Y
Warsaw,Blue,Orange,Sergeant,Z
New York,Red,Lime,Private,X
Shanghai,Red,Pink,Private Second Class,Z
New York,Red,Cyan,Private First Class,Z
Warsaw,Orange,Lime,Private Second Class,X
Warsaw,Red,Red,Command Sergeant Major,Z
New York,Red,Purple,Corporal,Y
Warsaw,Red,Cyan,Private,Z
New York,Yellow,Lavender,Specialist,Y
Shanghai,Green,Lime,Private Second Class,X
Shanghai,Red,Lime,Master Sergeant,Z
Shanghai,Green,Blue,Sergeant First Class,Z
New York,Red,Green,Sergeant,Z
Warsaw,Red,Lavender,Sergeant,Y
New York,Red,Purple,Sergeant First Class,X
Warsaw,Red,Lime,Private Second Class,X
New York,Green,Teal,Specialist,Z
New York,Yellow,Magenta,Command Sergeant Major,X
Shanghai,Yellow,Lime,Command Sergeant Major,Y
Warsaw,Red,Lime,Master Sergeant,X
Shanghai,Yellow,Purple,Specialist,X
Warsaw,Green,Blue,Sergeant Major,X
Warsaw,Red,Red,Command Sergeant Major,X
Warsaw,Red,Lavender,Private Second Class,Z
Sydney,Orange,Teal,Command Sergeant Major,X
Mumbai,Green,Pink,Private First Class,X
Warsaw,Green,Teal,Private First Class,Z
Mumbai,Green,Orange,Private First Class,X
Shanghai,Red,Orange,Corporal,X
Warsaw,Red,Cyan,Sergeant,X
New York,Red,Green,Private First Class,Z
